{
  "overall": {
    "f1": 0.00235658497172098,
    "precision": 0.001246705136425162,
    "recall": 0.02147239263803681
  },
  "entity_metrics": {
    "CLG": {
      "f1": 0.004548834361194944,
      "precision": 0.0022811019477101246,
      "recall": 0.7761194029850746
    },
    "COMPANY": {
      "f1": 0.059377262853005076,
      "precision": 0.05444887118193891,
      "recall": 0.06528662420382166
    },
    "DEG": {
      "f1": 0.0019305019305019303,
      "precision": 0.0009871668311944718,
      "recall": 0.043478260869565216
    },
    "DESIG": {
      "f1": 0.0029850746268656717,
      "precision": 0.0044742729306487695,
      "recall": 0.0022396416573348264
    },
    "EMAIL": {
      "f1": 0.0,
      "precision": 0.0,
      "recall": 0.0
    },
    "GRADYEAR": {
      "f1": 0.003613369467028004,
      "precision": 0.0018467220683287165,
      "recall": 0.08333333333333333
    },
    "LOC": {
      "f1": 0.0,
      "precision": 0.0,
      "recall": 0.0
    },
    "NAME": {
      "f1": 0.0,
      "precision": 0.0,
      "recall": 0.0
    },
    "SKILLS": {
      "f1": 0.004395604395604396,
      "precision": 0.00821917808219178,
      "recall": 0.003
    },
    "YOE": {
      "f1": 0.08297872340425533,
      "precision": 0.0471584038694075,
      "recall": 0.34513274336283184
    }
  }
}